strategy,scenario,total_cost_mln,total_pv_mln,capex_2037_mln,capex_2040_mln,capex_headroom_2037,min_sl_total,min_sl_critical,shortage_total_t,shortage_2038_2040_t,n_violations,violations
S01,BASE,7304.8,5913.0,0.0,0.0,1800.0,0.4653,0.669,463.7,415.7,14,BASE_CRITICAL_SERVICE@2035; BASE_CRITICAL_SERVICE@2039; BASE_CRITICAL_SERVICE@2040; BASE_TOTAL_SERVICE@2035; BASE_TOTAL_SERVICE@2036; BASE_TOTAL_SERVICE@2037; BASE_TOTAL_SERVICE@2038; BASE_TOTAL_SERVICE@2039; BASE_TOTAL_SERVICE@2040; RESERVE_45D@2036; RESERVE_45D@2037; RESERVE_45D@2038; RESERVE_45D@2039; RESERVE_45D@2040
S01,MANDATORY_STRESS,7893.8,6335.4,0.0,0.0,1800.0,0.4046,0.6311,607.6,559.7,18,RESERVE_45D@2036; RESERVE_45D@2037; RESERVE_45D@2038; RESERVE_45D@2039; RESERVE_45D@2040; STRESS_CRITICAL_SERVICE@2035; STRESS_CRITICAL_SERVICE@2038; STRESS_CRITICAL_SERVICE@2039; STRESS_CRITICAL_SERVICE@2040; STRESS_LOSS_LIMIT@2038; STRESS_LOSS_LIMIT@2039; STRESS_LOSS_LIMIT@2040; STRESS_TOTAL_SERVICE@2035; STRESS_TOTAL_SERVICE@2036; STRESS_TOTAL_SERVICE@2037; STRESS_TOTAL_SERVICE@2038; STRESS_TOTAL_SERVICE@2039; STRESS_TOTAL_SERVICE@2040
S02,BASE,10968.9,8720.7,0.0,0.0,1800.0,0.7602,1.0,93.5,93.5,2,BASE_TOTAL_SERVICE@2040; RESERVE_45D@2040
S02,MANDATORY_STRESS,12345.0,9728.8,0.0,0.0,1800.0,0.6388,0.9965,204.3,204.3,7,RESERVE_45D@2039; RESERVE_45D@2040; STRESS_LOSS_LIMIT@2038; STRESS_LOSS_LIMIT@2039; STRESS_LOSS_LIMIT@2040; STRESS_TOTAL_SERVICE@2039; STRESS_TOTAL_SERVICE@2040
S03,BASE,13011.0,10082.3,0.0,0.0,1800.0,1.0,1.0,0.0,0.0,0,
S03,MANDATORY_STRESS,14995.9,11521.1,0.0,0.0,1800.0,0.9143,1.0,38.5,38.5,5,RESERVE_45D@2040; STRESS_LOSS_LIMIT@2038; STRESS_LOSS_LIMIT@2039; STRESS_LOSS_LIMIT@2040; STRESS_TOTAL_SERVICE@2040
S04,BASE,11211.2,8892.6,0.0,0.0,1800.0,0.7602,1.0,93.5,93.5,2,BASE_TOTAL_SERVICE@2040; RESERVE_45D@2040
S04,MANDATORY_STRESS,12444.6,9790.5,0.0,0.0,1800.0,0.6388,0.9965,218.7,218.7,7,RESERVE_45D@2039; RESERVE_45D@2040; STRESS_LOSS_LIMIT@2038; STRESS_LOSS_LIMIT@2039; STRESS_LOSS_LIMIT@2040; STRESS_TOTAL_SERVICE@2039; STRESS_TOTAL_SERVICE@2040
S05,BASE,11056.9,8803.5,180.0,180.0,1620.0,0.8166,1.0,71.5,71.5,2,BASE_TOTAL_SERVICE@2040; RESERVE_45D@2040
S05,MANDATORY_STRESS,12509.6,9870.7,180.0,180.0,1620.0,0.6609,1.0,172.9,172.9,3,RESERVE_45D@2040; STRESS_TOTAL_SERVICE@2039; STRESS_TOTAL_SERVICE@2040
S06,BASE,12819.5,9958.9,180.0,180.0,1620.0,1.0,1.0,0.0,0.0,0,
S06,MANDATORY_STRESS,14939.3,11488.5,180.0,180.0,1620.0,0.9689,1.0,13.9,13.9,1,STRESS_TOTAL_SERVICE@2040
S07,BASE,13574.8,11023.1,360.0,360.0,1440.0,1.0,1.0,0.0,0.0,0,
S07,MANDATORY_STRESS,15338.5,12292.4,360.0,360.0,1440.0,1.0,1.0,0.0,0.0,3,STRESS_LOSS_LIMIT@2038; STRESS_LOSS_LIMIT@2039; STRESS_LOSS_LIMIT@2040
S08,BASE,13250.4,10774.9,540.0,540.0,1260.0,0.8754,0.9068,12.5,0.0,3,BASE_CRITICAL_SERVICE@2035; BASE_TOTAL_SERVICE@2035; RESERVE_45D@2036
S08,MANDATORY_STRESS,14698.3,11830.5,540.0,540.0,1260.0,0.8754,0.9068,14.5,2.0,3,RESERVE_45D@2036; STRESS_CRITICAL_SERVICE@2035; STRESS_TOTAL_SERVICE@2035
S09,BASE,13456.1,10934.9,540.0,540.0,1260.0,1.0,1.0,0.0,0.0,0,
S09,MANDATORY_STRESS,15320.3,12280.8,540.0,540.0,1260.0,1.0,1.0,0.0,0.0,0,
S10,BASE,12399.3,9951.4,1430.0,1430.0,370.0,1.0,1.0,0.0,0.0,0,
S10,MANDATORY_STRESS,14510.8,11488.6,1430.0,1430.0,370.0,1.0,1.0,0.0,0.0,0,
S11,BASE,12341.6,9881.7,1250.0,1250.0,550.0,1.0,1.0,0.0,0.0,0,
S11,MANDATORY_STRESS,14408.7,11392.1,1250.0,1250.0,550.0,1.0,1.0,0.0,0.0,5,RESERVE_45D@2039; RESERVE_45D@2040; STRESS_LOSS_LIMIT@2038; STRESS_LOSS_LIMIT@2039; STRESS_LOSS_LIMIT@2040
S12,BASE,12719.6,10173.4,1430.0,1430.0,370.0,1.0,1.0,0.0,0.0,0,
S12,MANDATORY_STRESS,14858.3,11727.1,1430.0,1430.0,370.0,1.0,1.0,0.0,0.0,0,
S13,BASE,12402.1,9953.4,1430.0,1430.0,370.0,1.0,1.0,0.0,0.0,0,
S13,MANDATORY_STRESS,14012.6,11141.8,1430.0,1430.0,370.0,0.8912,1.0,48.8,48.8,2,RESERVE_45D@2040; STRESS_TOTAL_SERVICE@2040
S14,BASE,14482.2,11965.0,1790.0,1790.0,10.0,1.0,1.0,0.0,0.0,0,
S14,MANDATORY_STRESS,16177.1,13158.6,1790.0,1790.0,10.0,1.0,1.0,0.0,0.0,0,
S15,BASE,13775.1,11142.5,1790.0,1790.0,10.0,1.0,1.0,0.0,0.0,0,
S15,MANDATORY_STRESS,15974.7,12721.9,1790.0,1790.0,10.0,1.0,1.0,0.0,0.0,0,
S16,BASE,12489.3,10041.4,1520.0,1520.0,280.0,1.0,1.0,0.0,0.0,0,
S16,MANDATORY_STRESS,15758.0,12442.1,1520.0,1790.0,280.0,1.0,1.0,0.0,0.0,0,
S17,BASE,14767.2,12226.4,1790.0,1790.0,10.0,1.0,1.0,0.0,0.0,0,
S17,MANDATORY_STRESS,16453.3,13412.0,1790.0,1790.0,10.0,1.0,1.0,0.0,0.0,0,
S18,BASE,14282.4,11797.6,1790.0,1790.0,10.0,1.0,1.0,0.0,0.0,0,
S18,MANDATORY_STRESS,16163.4,13145.6,1790.0,1790.0,10.0,1.0,1.0,0.0,0.0,0,
S19,BASE,14095.0,11635.1,1790.0,1790.0,10.0,1.0,1.0,0.0,0.0,0,
S19,MANDATORY_STRESS,16111.7,13075.5,1790.0,1790.0,10.0,1.0,1.0,0.0,0.0,0,
S20,BASE,14770.1,12180.6,1790.0,1790.0,10.0,1.0,1.0,0.0,0.0,0,
S20,MANDATORY_STRESS,16663.5,13509.1,1790.0,1790.0,10.0,1.0,1.0,0.0,0.0,0,
S21,BASE,14622.4,12088.1,1790.0,1790.0,10.0,1.0,1.0,0.0,0.0,0,
S21,MANDATORY_STRESS,16427.7,13372.5,1790.0,1790.0,10.0,1.0,1.0,0.0,0.0,0,
S22,BASE,14751.5,12161.8,1790.0,1790.0,10.0,1.0,1.0,0.0,0.0,6,RESERVE_45D@2035; RESERVE_45D@2036; RESERVE_45D@2037; RESERVE_45D@2038; RESERVE_45D@2039; RESERVE_45D@2040
S22,MANDATORY_STRESS,16644.9,13490.2,1790.0,1790.0,10.0,1.0,1.0,0.0,0.0,6,RESERVE_45D@2035; RESERVE_45D@2036; RESERVE_45D@2037; RESERVE_45D@2038; RESERVE_45D@2039; RESERVE_45D@2040
S23,BASE,14541.3,12000.3,1790.0,1790.0,10.0,1.0,1.0,0.0,0.0,0,
S23,MANDATORY_STRESS,16233.5,13190.8,1790.0,1790.0,10.0,1.0,1.0,0.0,0.0,0,
S24,BASE,14482.2,11861.7,1790.0,1790.0,10.0,1.0,1.0,0.0,0.0,0,
S24,MANDATORY_STRESS,16177.1,13055.3,1790.0,1790.0,10.0,1.0,1.0,0.0,0.0,0,
S25,BASE,12489.3,9938.1,1520.0,1520.0,280.0,1.0,1.0,0.0,0.0,0,
S25,MANDATORY_STRESS,15758.0,12338.8,1520.0,1790.0,280.0,1.0,1.0,0.0,0.0,0,
